-- phpMyAdmin SQL Dump
-- version 5.1.0
-- https://www.phpmyadmin.net/
--
-- Host: localhost
-- Creato il: Mar 27, 2022 alle 16:31
-- Versione del server: 10.4.18-MariaDB
-- Versione PHP: 8.0.3

SET SQL_MODE = "NO_AUTO_VALUE_ON_ZERO";
START TRANSACTION;
SET time_zone = "+00:00";


/*!40101 SET @OLD_CHARACTER_SET_CLIENT=@@CHARACTER_SET_CLIENT */;
/*!40101 SET @OLD_CHARACTER_SET_RESULTS=@@CHARACTER_SET_RESULTS */;
/*!40101 SET @OLD_COLLATION_CONNECTION=@@COLLATION_CONNECTION */;
/*!40101 SET NAMES utf8mb4 */;

--
-- Database: `Musixmatch`
--

-- --------------------------------------------------------

--
-- Struttura della tabella `adiacent_stations`
--

CREATE TABLE `adiacent_stations` (
  `from_station_id` int(11) NOT NULL,
  `to_station_id` int(11) NOT NULL,
  `segment_km` double NOT NULL,
  `segment_cost` double NOT NULL
) ENGINE=InnoDB DEFAULT CHARSET=utf8mb4;

--
-- Dump dei dati per la tabella `adiacent_stations`
--

INSERT INTO `adiacent_stations` (`from_station_id`, `to_station_id`, `segment_km`, `segment_cost`) VALUES
(1, 5, 395, 20.6),
(1, 10, 189, 8.3),
(2, 18, 509, 25),
(3, 4, 403, 14),
(3, 15, 380, 11),
(4, 3, 403, 14),
(4, 7, 226, 7),
(5, 1, 395, 20.6),
(5, 8, 301, 18),
(5, 9, 212, 8.5),
(5, 12, 331, 17),
(5, 16, 123, 7),
(5, 17, 227, 9),
(5, 20, 155, 7.5),
(6, 17, 20, 1.8),
(7, 4, 226, 7),
(7, 14, 625, 50),
(7, 18, 170, 6.8),
(8, 5, 301, 18),
(9, 5, 212, 8.5),
(10, 1, 189, 8.3),
(10, 11, 324, 15),
(11, 10, 324, 15),
(11, 13, 223, 9),
(12, 5, 331, 17),
(12, 19, 143, 10),
(13, 11, 223, 9),
(14, 7, 625, 50),
(15, 3, 380, 11),
(16, 5, 123, 7),
(16, 18, 151, 8),
(17, 5, 227, 9),
(17, 6, 20, 1.8),
(18, 2, 509, 25),
(18, 7, 170, 6.8),
(18, 16, 151, 8),
(19, 12, 143, 10),
(20, 5, 155, 7.5);

-- --------------------------------------------------------

--
-- Struttura della tabella `all_possible_paths`
--

CREATE TABLE `all_possible_paths` (
  `from_station_id` int(11) NOT NULL,
  `to_station_id` int(11) NOT NULL,
  `complete_path` varchar(255) NOT NULL,
  `total_km` double NOT NULL,
  `total_cost` double NOT NULL
) ENGINE=InnoDB DEFAULT CHARSET=latin1;

--
-- Dump dei dati per la tabella `all_possible_paths`
--

INSERT INTO `all_possible_paths` (`from_station_id`, `to_station_id`, `complete_path`, `total_km`, `total_cost`) VALUES
(1, 10, '1-10', 189, 8.300000000000008),
(1, 11, '1-10-11', 513, 23.300000000000008),
(1, 13, '1-10-11-13', 736, 32.30000000000001),
(1, 5, '1-5', 395, 20.6),
(1, 12, '1-5-12', 726, 37.6),
(1, 19, '1-5-12-19', 869, 47.6),
(1, 16, '1-5-16', 518, 27.6),
(1, 18, '1-5-16-18', 669, 35.6),
(1, 2, '1-5-16-18-2', 1178, 60.6),
(1, 7, '1-5-16-18-7', 839, 42.4),
(1, 14, '1-5-16-18-7-14', 1464, 92.4),
(1, 4, '1-5-16-18-7-4', 1065, 49.4),
(1, 3, '1-5-16-18-7-4-3', 1468, 63.4),
(1, 15, '1-5-16-18-7-4-3-15', 1848, 74.4),
(1, 17, '1-5-17', 622, 29.60000000000001),
(1, 6, '1-5-17-6', 642, 31.40000000000001),
(1, 20, '1-5-20', 550, 28.10000000000001),
(1, 8, '1-5-8', 696, 38.6),
(1, 9, '1-5-9', 607, 29.1),
(10, 1, '10-1', 189, 8.3),
(10, 5, '10-1-5', 584, 28.900000000000002),
(10, 12, '10-1-5-12', 915, 45.900000000000006),
(10, 19, '10-1-5-12-19', 1058, 55.900000000000006),
(10, 16, '10-1-5-16', 707, 35.900000000000006),
(10, 18, '10-1-5-16-18', 858, 43.900000000000006),
(10, 2, '10-1-5-16-18-2', 1367, 68.9),
(10, 7, '10-1-5-16-18-7', 1028, 50.7),
(10, 14, '10-1-5-16-18-7-14', 1653, 100.7),
(10, 4, '10-1-5-16-18-7-4', 1254, 57.7),
(10, 3, '10-1-5-16-18-7-4-3', 1657, 71.7),
(10, 15, '10-1-5-16-18-7-4-3-15', 2037, 82.7),
(10, 17, '10-1-5-17', 811, 37.900000000000006),
(10, 6, '10-1-5-17-6', 831, 39.7),
(10, 20, '10-1-5-20', 739, 36.400000000000006),
(10, 8, '10-1-5-8', 885, 46.900000000000006),
(10, 9, '10-1-5-9', 796, 37.400000000000006),
(10, 11, '10-11', 324, 15.000000000000004),
(10, 13, '10-11-13', 547, 24.000000000000004),
(11, 10, '11-10', 324, 15),
(11, 1, '11-10-1', 513, 23.3),
(11, 5, '11-10-1-5', 908, 43.900000000000006),
(11, 12, '11-10-1-5-12', 1239, 60.900000000000006),
(11, 19, '11-10-1-5-12-19', 1382, 70.9),
(11, 16, '11-10-1-5-16', 1031, 50.900000000000006),
(11, 18, '11-10-1-5-16-18', 1182, 58.900000000000006),
(11, 2, '11-10-1-5-16-18-2', 1691, 83.9),
(11, 7, '11-10-1-5-16-18-7', 1352, 65.7),
(11, 14, '11-10-1-5-16-18-7-14', 1977, 115.7),
(11, 4, '11-10-1-5-16-18-7-4', 1578, 72.7),
(11, 3, '11-10-1-5-16-18-7-4-3', 1981, 86.7),
(11, 15, '11-10-1-5-16-18-7-4-3-15', 2361, 97.7),
(11, 17, '11-10-1-5-17', 1135, 52.900000000000006),
(11, 6, '11-10-1-5-17-6', 1155, 54.7),
(11, 20, '11-10-1-5-20', 1063, 51.400000000000006),
(11, 8, '11-10-1-5-8', 1209, 61.900000000000006),
(11, 9, '11-10-1-5-9', 1120, 52.400000000000006),
(11, 13, '11-13', 223, 9.000000000000004),
(12, 19, '12-19', 143, 10.000000000000014),
(12, 5, '12-5', 331, 17),
(12, 1, '12-5-1', 726, 37.6),
(12, 10, '12-5-1-10', 915, 45.900000000000006),
(12, 11, '12-5-1-10-11', 1239, 60.900000000000006),
(12, 13, '12-5-1-10-11-13', 1462, 69.9),
(12, 16, '12-5-16', 454, 24.000000000000007),
(12, 18, '12-5-16-18', 605, 32.00000000000001),
(12, 2, '12-5-16-18-2', 1114, 57.00000000000001),
(12, 7, '12-5-16-18-7', 775, 38.800000000000004),
(12, 14, '12-5-16-18-7-14', 1400, 88.80000000000001),
(12, 4, '12-5-16-18-7-4', 1001, 45.800000000000004),
(12, 3, '12-5-16-18-7-4-3', 1404, 59.800000000000004),
(12, 15, '12-5-16-18-7-4-3-15', 1784, 70.80000000000001),
(12, 17, '12-5-17', 558, 26.000000000000014),
(12, 6, '12-5-17-6', 578, 27.800000000000015),
(12, 20, '12-5-20', 486, 24.500000000000014),
(12, 8, '12-5-8', 632, 35.00000000000001),
(12, 9, '12-5-9', 543, 25.500000000000007),
(13, 11, '13-11', 223, 9),
(13, 10, '13-11-10', 547, 24),
(13, 1, '13-11-10-1', 736, 32.3),
(13, 5, '13-11-10-1-5', 1131, 52.9),
(13, 12, '13-11-10-1-5-12', 1462, 69.9),
(13, 19, '13-11-10-1-5-12-19', 1605, 79.9),
(13, 16, '13-11-10-1-5-16', 1254, 59.900000000000006),
(13, 18, '13-11-10-1-5-16-18', 1405, 67.9),
(13, 2, '13-11-10-1-5-16-18-2', 1914, 92.9),
(13, 7, '13-11-10-1-5-16-18-7', 1575, 74.7),
(13, 14, '13-11-10-1-5-16-18-7-14', 2200, 124.7),
(13, 4, '13-11-10-1-5-16-18-7-4', 1801, 81.7),
(13, 3, '13-11-10-1-5-16-18-7-4-3', 2204, 95.7),
(13, 15, '13-11-10-1-5-16-18-7-4-3-15', 2584, 106.7),
(13, 17, '13-11-10-1-5-17', 1358, 61.900000000000006),
(13, 6, '13-11-10-1-5-17-6', 1378, 63.7),
(13, 20, '13-11-10-1-5-20', 1286, 60.400000000000006),
(13, 8, '13-11-10-1-5-8', 1432, 70.9),
(13, 9, '13-11-10-1-5-9', 1343, 61.400000000000006),
(14, 7, '14-7', 625, 50),
(14, 18, '14-7-18', 795, 56.8),
(14, 16, '14-7-18-16', 946, 64.8),
(14, 5, '14-7-18-16-5', 1069, 71.8),
(14, 1, '14-7-18-16-5-1', 1464, 92.4),
(14, 10, '14-7-18-16-5-1-10', 1653, 100.7),
(14, 11, '14-7-18-16-5-1-10-11', 1977, 115.7),
(14, 13, '14-7-18-16-5-1-10-11-13', 2200, 124.7),
(14, 12, '14-7-18-16-5-12', 1400, 88.80000000000001),
(14, 19, '14-7-18-16-5-12-19', 1543, 98.80000000000001),
(14, 17, '14-7-18-16-5-17', 1296, 80.80000000000001),
(14, 6, '14-7-18-16-5-17-6', 1316, 82.60000000000001),
(14, 20, '14-7-18-16-5-20', 1224, 79.30000000000001),
(14, 8, '14-7-18-16-5-8', 1370, 89.80000000000001),
(14, 9, '14-7-18-16-5-9', 1281, 80.30000000000001),
(14, 2, '14-7-18-2', 1304, 81.8),
(14, 4, '14-7-4', 851, 57),
(14, 3, '14-7-4-3', 1254, 71),
(14, 15, '14-7-4-3-15', 1634, 82),
(15, 3, '15-3', 380, 11),
(15, 4, '15-3-4', 783, 25),
(15, 7, '15-3-4-7', 1009, 32),
(15, 14, '15-3-4-7-14', 1634, 82),
(15, 18, '15-3-4-7-18', 1179, 38.8),
(15, 16, '15-3-4-7-18-16', 1330, 46.8),
(15, 5, '15-3-4-7-18-16-5', 1453, 53.8),
(15, 1, '15-3-4-7-18-16-5-1', 1848, 74.4),
(15, 10, '15-3-4-7-18-16-5-1-10', 2037, 82.7),
(15, 11, '15-3-4-7-18-16-5-1-10-11', 2361, 97.7),
(15, 13, '15-3-4-7-18-16-5-1-10-11-13', 2584, 106.7),
(15, 12, '15-3-4-7-18-16-5-12', 1784, 70.80000000000001),
(15, 19, '15-3-4-7-18-16-5-12-19', 1927, 80.80000000000001),
(15, 17, '15-3-4-7-18-16-5-17', 1680, 62.80000000000001),
(15, 6, '15-3-4-7-18-16-5-17-6', 1700, 64.60000000000001),
(15, 20, '15-3-4-7-18-16-5-20', 1608, 61.30000000000001),
(15, 8, '15-3-4-7-18-16-5-8', 1754, 71.80000000000001),
(15, 9, '15-3-4-7-18-16-5-9', 1665, 62.30000000000001),
(15, 2, '15-3-4-7-18-2', 1688, 63.8),
(16, 18, '16-18', 151, 8),
(16, 2, '16-18-2', 660, 33),
(16, 7, '16-18-7', 321, 14.8),
(16, 14, '16-18-7-14', 946, 64.8),
(16, 4, '16-18-7-4', 547, 21.8),
(16, 3, '16-18-7-4-3', 950, 35.8),
(16, 15, '16-18-7-4-3-15', 1330, 46.8),
(16, 5, '16-5', 123, 7),
(16, 1, '16-5-1', 518, 27.6),
(16, 10, '16-5-1-10', 707, 35.900000000000006),
(16, 11, '16-5-1-10-11', 1031, 50.900000000000006),
(16, 13, '16-5-1-10-11-13', 1254, 59.900000000000006),
(16, 12, '16-5-12', 454, 24.000000000000004),
(16, 19, '16-5-12-19', 597, 34),
(16, 17, '16-5-17', 350, 16),
(16, 6, '16-5-17-6', 370, 17.8),
(16, 20, '16-5-20', 278, 14.5),
(16, 8, '16-5-8', 424, 25.000000000000004),
(16, 9, '16-5-9', 335, 15.500000000000004),
(17, 5, '17-5', 227, 9),
(17, 1, '17-5-1', 622, 29.6),
(17, 10, '17-5-1-10', 811, 37.900000000000006),
(17, 11, '17-5-1-10-11', 1135, 52.900000000000006),
(17, 13, '17-5-1-10-11-13', 1358, 61.900000000000006),
(17, 12, '17-5-12', 558, 26.000000000000004),
(17, 19, '17-5-12-19', 701, 36),
(17, 16, '17-5-16', 350, 16),
(17, 18, '17-5-16-18', 501, 24),
(17, 2, '17-5-16-18-2', 1010, 49),
(17, 7, '17-5-16-18-7', 671, 30.8),
(17, 14, '17-5-16-18-7-14', 1296, 80.8),
(17, 4, '17-5-16-18-7-4', 897, 37.8),
(17, 3, '17-5-16-18-7-4-3', 1300, 51.8),
(17, 15, '17-5-16-18-7-4-3-15', 1680, 62.8),
(17, 20, '17-5-20', 382, 16.499999999999996),
(17, 8, '17-5-8', 528, 27.000000000000004),
(17, 9, '17-5-9', 439, 17.500000000000004),
(17, 6, '17-6', 20, 1.7999999999999965),
(18, 16, '18-16', 151, 7.999999999999997),
(18, 5, '18-16-5', 274, 14.999999999999996),
(18, 1, '18-16-5-1', 669, 35.599999999999994),
(18, 10, '18-16-5-1-10', 858, 43.89999999999999),
(18, 11, '18-16-5-1-10-11', 1182, 58.89999999999999),
(18, 13, '18-16-5-1-10-11-13', 1405, 67.89999999999999),
(18, 12, '18-16-5-12', 605, 31.999999999999993),
(18, 19, '18-16-5-12-19', 748, 41.99999999999999),
(18, 17, '18-16-5-17', 501, 23.999999999999993),
(18, 6, '18-16-5-17-6', 521, 25.799999999999994),
(18, 20, '18-16-5-20', 429, 22.499999999999993),
(18, 8, '18-16-5-8', 575, 32.99999999999999),
(18, 9, '18-16-5-9', 486, 23.499999999999993),
(18, 2, '18-2', 509, 25),
(18, 7, '18-7', 170, 6.8),
(18, 14, '18-7-14', 795, 56.8),
(18, 4, '18-7-4', 396, 13.8),
(18, 3, '18-7-4-3', 799, 27.8),
(18, 15, '18-7-4-3-15', 1179, 38.8),
(19, 12, '19-12', 143, 10),
(19, 5, '19-12-5', 474, 27),
(19, 1, '19-12-5-1', 869, 47.6),
(19, 10, '19-12-5-1-10', 1058, 55.900000000000006),
(19, 11, '19-12-5-1-10-11', 1382, 70.9),
(19, 13, '19-12-5-1-10-11-13', 1605, 79.9),
(19, 16, '19-12-5-16', 597, 34.00000000000001),
(19, 18, '19-12-5-16-18', 748, 42.00000000000001),
(19, 2, '19-12-5-16-18-2', 1257, 67),
(19, 7, '19-12-5-16-18-7', 918, 48.8),
(19, 14, '19-12-5-16-18-7-14', 1543, 98.8),
(19, 4, '19-12-5-16-18-7-4', 1144, 55.8),
(19, 3, '19-12-5-16-18-7-4-3', 1547, 69.8),
(19, 15, '19-12-5-16-18-7-4-3-15', 1927, 80.8),
(19, 17, '19-12-5-17', 701, 36),
(19, 6, '19-12-5-17-6', 721, 37.8),
(19, 20, '19-12-5-20', 629, 34.5),
(19, 8, '19-12-5-8', 775, 45.00000000000001),
(19, 9, '19-12-5-9', 686, 35.50000000000001),
(2, 18, '2-18', 509, 25),
(2, 16, '2-18-16', 660, 33),
(2, 5, '2-18-16-5', 783, 40),
(2, 1, '2-18-16-5-1', 1178, 60.6),
(2, 10, '2-18-16-5-1-10', 1367, 68.9),
(2, 11, '2-18-16-5-1-10-11', 1691, 83.9),
(2, 13, '2-18-16-5-1-10-11-13', 1914, 92.9),
(2, 12, '2-18-16-5-12', 1114, 57.00000000000001),
(2, 19, '2-18-16-5-12-19', 1257, 67),
(2, 17, '2-18-16-5-17', 1010, 49),
(2, 6, '2-18-16-5-17-6', 1030, 50.8),
(2, 20, '2-18-16-5-20', 938, 47.5),
(2, 8, '2-18-16-5-8', 1084, 58.00000000000001),
(2, 9, '2-18-16-5-9', 995, 48.50000000000001),
(2, 7, '2-18-7', 679, 31.8),
(2, 14, '2-18-7-14', 1304, 81.8),
(2, 4, '2-18-7-4', 905, 38.8),
(2, 3, '2-18-7-4-3', 1308, 52.8),
(2, 15, '2-18-7-4-3-15', 1688, 63.8),
(20, 5, '20-5', 155, 7.5),
(20, 1, '20-5-1', 550, 28.1),
(20, 10, '20-5-1-10', 739, 36.400000000000006),
(20, 11, '20-5-1-10-11', 1063, 51.400000000000006),
(20, 13, '20-5-1-10-11-13', 1286, 60.400000000000006),
(20, 12, '20-5-12', 486, 24.500000000000004),
(20, 19, '20-5-12-19', 629, 34.5),
(20, 16, '20-5-16', 278, 14.5),
(20, 18, '20-5-16-18', 429, 22.5),
(20, 2, '20-5-16-18-2', 938, 47.5),
(20, 7, '20-5-16-18-7', 599, 29.3),
(20, 14, '20-5-16-18-7-14', 1224, 79.3),
(20, 4, '20-5-16-18-7-4', 825, 36.3),
(20, 3, '20-5-16-18-7-4-3', 1228, 50.3),
(20, 15, '20-5-16-18-7-4-3-15', 1608, 61.3),
(20, 17, '20-5-17', 382, 16.499999999999996),
(20, 6, '20-5-17-6', 402, 18.299999999999997),
(20, 8, '20-5-8', 456, 25.500000000000004),
(20, 9, '20-5-9', 367, 16.000000000000004),
(3, 15, '3-15', 380, 11.00000000000001),
(3, 4, '3-4', 403, 14),
(3, 7, '3-4-7', 629, 21),
(3, 14, '3-4-7-14', 1254, 71),
(3, 18, '3-4-7-18', 799, 27.8),
(3, 16, '3-4-7-18-16', 950, 35.8),
(3, 5, '3-4-7-18-16-5', 1073, 42.8),
(3, 1, '3-4-7-18-16-5-1', 1468, 63.4),
(3, 10, '3-4-7-18-16-5-1-10', 1657, 71.7),
(3, 11, '3-4-7-18-16-5-1-10-11', 1981, 86.7),
(3, 13, '3-4-7-18-16-5-1-10-11-13', 2204, 95.7),
(3, 12, '3-4-7-18-16-5-12', 1404, 59.800000000000004),
(3, 19, '3-4-7-18-16-5-12-19', 1547, 69.80000000000001),
(3, 17, '3-4-7-18-16-5-17', 1300, 51.80000000000001),
(3, 6, '3-4-7-18-16-5-17-6', 1320, 53.60000000000001),
(3, 20, '3-4-7-18-16-5-20', 1228, 50.30000000000001),
(3, 8, '3-4-7-18-16-5-8', 1374, 60.800000000000004),
(3, 9, '3-4-7-18-16-5-9', 1285, 51.300000000000004),
(3, 2, '3-4-7-18-2', 1308, 52.8),
(4, 3, '4-3', 403, 14),
(4, 15, '4-3-15', 783, 25),
(4, 7, '4-7', 226, 7),
(4, 14, '4-7-14', 851, 57),
(4, 18, '4-7-18', 396, 13.8),
(4, 16, '4-7-18-16', 547, 21.799999999999997),
(4, 5, '4-7-18-16-5', 670, 28.799999999999997),
(4, 1, '4-7-18-16-5-1', 1065, 49.4),
(4, 10, '4-7-18-16-5-1-10', 1254, 57.7),
(4, 11, '4-7-18-16-5-1-10-11', 1578, 72.7),
(4, 13, '4-7-18-16-5-1-10-11-13', 1801, 81.7),
(4, 12, '4-7-18-16-5-12', 1001, 45.800000000000004),
(4, 19, '4-7-18-16-5-12-19', 1144, 55.800000000000004),
(4, 17, '4-7-18-16-5-17', 897, 37.800000000000004),
(4, 6, '4-7-18-16-5-17-6', 917, 39.6),
(4, 20, '4-7-18-16-5-20', 825, 36.300000000000004),
(4, 8, '4-7-18-16-5-8', 971, 46.800000000000004),
(4, 9, '4-7-18-16-5-9', 882, 37.300000000000004),
(4, 2, '4-7-18-2', 905, 38.8),
(5, 1, '5-1', 395, 20.6),
(5, 10, '5-1-10', 584, 28.900000000000002),
(5, 11, '5-1-10-11', 908, 43.900000000000006),
(5, 13, '5-1-10-11-13', 1131, 52.900000000000006),
(5, 12, '5-12', 331, 17.000000000000004),
(5, 19, '5-12-19', 474, 27.000000000000004),
(5, 16, '5-16', 123, 7.0000000000000036),
(5, 18, '5-16-18', 274, 15.000000000000004),
(5, 2, '5-16-18-2', 783, 40),
(5, 7, '5-16-18-7', 444, 21.8),
(5, 14, '5-16-18-7-14', 1069, 71.8),
(5, 4, '5-16-18-7-4', 670, 28.8),
(5, 3, '5-16-18-7-4-3', 1073, 42.8),
(5, 15, '5-16-18-7-4-3-15', 1453, 53.8),
(5, 17, '5-17', 227, 8.999999999999996),
(5, 6, '5-17-6', 247, 10.799999999999997),
(5, 20, '5-20', 155, 7.4999999999999964),
(5, 8, '5-8', 301, 18.000000000000004),
(5, 9, '5-9', 212, 8.500000000000004),
(6, 17, '6-17', 20, 1.8),
(6, 5, '6-17-5', 247, 10.8),
(6, 1, '6-17-5-1', 642, 31.400000000000002),
(6, 10, '6-17-5-1-10', 831, 39.7),
(6, 11, '6-17-5-1-10-11', 1155, 54.7),
(6, 13, '6-17-5-1-10-11-13', 1378, 63.7),
(6, 12, '6-17-5-12', 578, 27.8),
(6, 19, '6-17-5-12-19', 721, 37.8),
(6, 16, '6-17-5-16', 370, 17.799999999999997),
(6, 18, '6-17-5-16-18', 521, 25.799999999999997),
(6, 2, '6-17-5-16-18-2', 1030, 50.8),
(6, 7, '6-17-5-16-18-7', 691, 32.599999999999994),
(6, 14, '6-17-5-16-18-7-14', 1316, 82.6),
(6, 4, '6-17-5-16-18-7-4', 917, 39.599999999999994),
(6, 3, '6-17-5-16-18-7-4-3', 1320, 53.599999999999994),
(6, 15, '6-17-5-16-18-7-4-3-15', 1700, 64.6),
(6, 20, '6-17-5-20', 402, 18.299999999999994),
(6, 8, '6-17-5-8', 548, 28.8),
(6, 9, '6-17-5-9', 459, 19.3),
(7, 14, '7-14', 625, 50),
(7, 18, '7-18', 170, 6.8),
(7, 16, '7-18-16', 321, 14.8),
(7, 5, '7-18-16-5', 444, 21.8),
(7, 1, '7-18-16-5-1', 839, 42.400000000000006),
(7, 10, '7-18-16-5-1-10', 1028, 50.7),
(7, 11, '7-18-16-5-1-10-11', 1352, 65.7),
(7, 13, '7-18-16-5-1-10-11-13', 1575, 74.7),
(7, 12, '7-18-16-5-12', 775, 38.800000000000004),
(7, 19, '7-18-16-5-12-19', 918, 48.800000000000004),
(7, 17, '7-18-16-5-17', 671, 30.800000000000004),
(7, 6, '7-18-16-5-17-6', 691, 32.6),
(7, 20, '7-18-16-5-20', 599, 29.3),
(7, 8, '7-18-16-5-8', 745, 39.800000000000004),
(7, 9, '7-18-16-5-9', 656, 30.300000000000004),
(7, 2, '7-18-2', 679, 31.8),
(7, 4, '7-4', 226, 7),
(7, 3, '7-4-3', 629, 21),
(7, 15, '7-4-3-15', 1009, 32),
(8, 5, '8-5', 301, 18),
(8, 1, '8-5-1', 696, 38.6),
(8, 10, '8-5-1-10', 885, 46.900000000000006),
(8, 11, '8-5-1-10-11', 1209, 61.900000000000006),
(8, 13, '8-5-1-10-11-13', 1432, 70.9),
(8, 12, '8-5-12', 632, 35.00000000000001),
(8, 19, '8-5-12-19', 775, 45.00000000000001),
(8, 16, '8-5-16', 424, 25.000000000000007),
(8, 18, '8-5-16-18', 575, 33.00000000000001),
(8, 2, '8-5-16-18-2', 1084, 58.00000000000001),
(8, 7, '8-5-16-18-7', 745, 39.800000000000004),
(8, 14, '8-5-16-18-7-14', 1370, 89.80000000000001),
(8, 4, '8-5-16-18-7-4', 971, 46.800000000000004),
(8, 3, '8-5-16-18-7-4-3', 1374, 60.800000000000004),
(8, 15, '8-5-16-18-7-4-3-15', 1754, 71.80000000000001),
(8, 17, '8-5-17', 528, 27.000000000000014),
(8, 6, '8-5-17-6', 548, 28.800000000000015),
(8, 20, '8-5-20', 456, 25.500000000000014),
(8, 9, '8-5-9', 513, 26.500000000000007),
(9, 5, '9-5', 212, 8.5),
(9, 1, '9-5-1', 607, 29.1),
(9, 10, '9-5-1-10', 796, 37.400000000000006),
(9, 11, '9-5-1-10-11', 1120, 52.400000000000006),
(9, 13, '9-5-1-10-11-13', 1343, 61.400000000000006),
(9, 12, '9-5-12', 543, 25.500000000000004),
(9, 19, '9-5-12-19', 686, 35.5),
(9, 16, '9-5-16', 335, 15.5),
(9, 18, '9-5-16-18', 486, 23.5),
(9, 2, '9-5-16-18-2', 995, 48.5),
(9, 7, '9-5-16-18-7', 656, 30.3),
(9, 14, '9-5-16-18-7-14', 1281, 80.3),
(9, 4, '9-5-16-18-7-4', 882, 37.3),
(9, 3, '9-5-16-18-7-4-3', 1285, 51.3),
(9, 15, '9-5-16-18-7-4-3-15', 1665, 62.3),
(9, 17, '9-5-17', 439, 17.499999999999996),
(9, 6, '9-5-17-6', 459, 19.299999999999997),
(9, 20, '9-5-20', 367, 15.999999999999996),
(9, 8, '9-5-8', 513, 26.500000000000004);

-- --------------------------------------------------------

--
-- Struttura della tabella `motorway_stations`
--

CREATE TABLE `motorway_stations` (
  `station_id` int(11) NOT NULL,
  `station_name` varchar(255) NOT NULL
) ENGINE=InnoDB DEFAULT CHARSET=utf8mb4;

--
-- Dump dei dati per la tabella `motorway_stations`
--

INSERT INTO `motorway_stations` (`station_id`, `station_name`) VALUES
(1, 'L\'Aquila'),
(2, 'Potenza'),
(3, 'Catanzaro'),
(4, 'Napoli'),
(5, 'Bologna'),
(6, 'Trieste'),
(7, 'Roma'),
(8, 'Genova'),
(9, 'Milano'),
(10, 'Ancona'),
(11, 'Campobasso'),
(12, 'Torino'),
(13, 'Bari'),
(14, 'Cagliari'),
(15, 'Palermo'),
(16, 'Firenze'),
(17, 'Trento'),
(18, 'Perugia'),
(19, 'Aosta'),
(20, 'Venezia');

-- --------------------------------------------------------

--
-- Struttura della tabella `user`
--

CREATE TABLE `user` (
  `user_id` bigint(20) NOT NULL,
  `user_username` varchar(255) NOT NULL,
  `user_password` varchar(255) NOT NULL
) ENGINE=InnoDB DEFAULT CHARSET=utf8mb4;

--
-- Dump dei dati per la tabella `user`
--

INSERT INTO `user` (`user_id`, `user_username`, `user_password`) VALUES
(1, 'Mario Rossi', 'PasswordTest123456'),
(2, 'Giovanni Bianchi', 'PasswordTest678910'),
(3, 'Gianni Verdi', 'PasswordTest10293847');

-- --------------------------------------------------------

--
-- Struttura della tabella `user_vehicles`
--

CREATE TABLE `user_vehicles` (
  `vehicles_licence_plate` varchar(7) NOT NULL,
  `user_id` bigint(20) NOT NULL
) ENGINE=InnoDB DEFAULT CHARSET=utf8mb4;

--
-- Dump dei dati per la tabella `user_vehicles`
--

INSERT INTO `user_vehicles` (`vehicles_licence_plate`, `user_id`) VALUES
('AA001BB', 1),
('AA002BB', 1),
('AA003BB', 1),
('AB001BA', 2),
('AB002BA', 2),
('AC001CA', 3);

-- --------------------------------------------------------

--
-- Struttura della tabella `vehicles_travel_logs`
--

CREATE TABLE `vehicles_travel_logs` (
  `log_id` bigint(20) NOT NULL,
  `enter_station_id` int(11) NOT NULL,
  `exit_station_id` int(11) DEFAULT NULL,
  `vehicles_license_plate` varchar(7) NOT NULL,
  `travel_date` date NOT NULL
) ENGINE=InnoDB DEFAULT CHARSET=utf8mb4;

--
-- Dump dei dati per la tabella `vehicles_travel_logs`
--

INSERT INTO `vehicles_travel_logs` (`log_id`, `enter_station_id`, `exit_station_id`, `vehicles_license_plate`, `travel_date`) VALUES
(11, 5, 9, 'AA001BB', '2022-03-01'),
(12, 9, 5, 'AA001BB', '2022-03-01'),
(13, 9, 5, 'AA002BB', '2022-02-28'),
(14, 5, 9, 'AA002BB', '2022-03-05'),
(15, 5, 4, 'AA003BB', '2022-03-27'),
(16, 14, 9, 'AB001BA', '2022-02-25'),
(17, 9, 14, 'AB001BA', '2022-03-05'),
(18, 12, 13, 'AC001CA', '2022-03-17'),
(19, 1, 2, 'AA001BB', '2022-03-27'),
(20, 1, NULL, 'AA001BB', '2022-03-27'),
(21, 1, NULL, 'AA001BB', '2022-03-27');

-- --------------------------------------------------------

--
-- Struttura stand-in per le viste `vw_all_possible_paths`
-- (Vedi sotto per la vista effettiva)
--
CREATE TABLE `vw_all_possible_paths` (
`from_station_id` int(11)
,`to_station_id` int(11)
,`total_km` double(19,2)
,`total_cost` double(19,2)
);

-- --------------------------------------------------------

--
-- Struttura stand-in per le viste `vw_vehicles_paths_cost`
-- (Vedi sotto per la vista effettiva)
--
CREATE TABLE `vw_vehicles_paths_cost` (
`log_id` bigint(20)
,`enter_station_id` int(11)
,`exit_station_id` int(11)
,`vehicles_license_plate` varchar(7)
,`user_id` bigint(20)
,`username` varchar(255)
,`travel_date` date
,`total_cost` double(19,2)
);

-- --------------------------------------------------------

--
-- Struttura stand-in per le viste `vw_vehicles_travel_logs`
-- (Vedi sotto per la vista effettiva)
--
CREATE TABLE `vw_vehicles_travel_logs` (
`log_id` bigint(20)
,`enter_station_id` int(11)
,`exit_station_id` int(11)
,`vehicles_license_plate` varchar(7)
,`user_id` bigint(20)
,`travel_date` date
);

-- --------------------------------------------------------

--
-- Struttura per vista `vw_all_possible_paths`
--
DROP TABLE IF EXISTS `vw_all_possible_paths`;

CREATE ALGORITHM=UNDEFINED DEFINER=`root`@`localhost` SQL SECURITY DEFINER VIEW `musixmatch`.`vw_all_possible_paths`  AS SELECT `musixmatch`.`all_possible_paths`.`from_station_id` AS `from_station_id`, `musixmatch`.`all_possible_paths`.`to_station_id` AS `to_station_id`, round(`musixmatch`.`all_possible_paths`.`total_km`,2) AS `total_km`, round(`musixmatch`.`all_possible_paths`.`total_cost`,2) AS `total_cost` FROM `musixmatch`.`all_possible_paths` ORDER BY `musixmatch`.`all_possible_paths`.`from_station_id` ASC, `musixmatch`.`all_possible_paths`.`to_station_id` ASC, `musixmatch`.`all_possible_paths`.`total_km` ASC ;

-- --------------------------------------------------------

--
-- Struttura per vista `vw_vehicles_paths_cost`
--
DROP TABLE IF EXISTS `vw_vehicles_paths_cost`;

CREATE ALGORITHM=UNDEFINED DEFINER=`root`@`localhost` SQL SECURITY DEFINER VIEW `musixmatch`.`vw_vehicles_paths_cost`  AS SELECT `vw_vehicles_travel_logs`.`log_id` AS `log_id`, `vw_vehicles_travel_logs`.`enter_station_id` AS `enter_station_id`, `vw_vehicles_travel_logs`.`exit_station_id` AS `exit_station_id`, `vw_vehicles_travel_logs`.`vehicles_license_plate` AS `vehicles_license_plate`, `vw_vehicles_travel_logs`.`user_id` AS `user_id`, `musixmatch`.`user`.`user_username` AS `username`, `vw_vehicles_travel_logs`.`travel_date` AS `travel_date`, (select `vw_all_possible_paths`.`total_cost` from `musixmatch`.`vw_all_possible_paths` where `vw_all_possible_paths`.`from_station_id` = `vw_vehicles_travel_logs`.`enter_station_id` and `vw_all_possible_paths`.`to_station_id` = `vw_vehicles_travel_logs`.`exit_station_id` limit 1) AS `total_cost` FROM (`musixmatch`.`vw_vehicles_travel_logs` join `musixmatch`.`user` on(`vw_vehicles_travel_logs`.`user_id` = `musixmatch`.`user`.`user_id`)) ;

-- --------------------------------------------------------

--
-- Struttura per vista `vw_vehicles_travel_logs`
--
DROP TABLE IF EXISTS `vw_vehicles_travel_logs`;

CREATE ALGORITHM=UNDEFINED DEFINER=`root`@`localhost` SQL SECURITY DEFINER VIEW `musixmatch`.`vw_vehicles_travel_logs`  AS SELECT `musixmatch`.`vehicles_travel_logs`.`log_id` AS `log_id`, `musixmatch`.`vehicles_travel_logs`.`enter_station_id` AS `enter_station_id`, `musixmatch`.`vehicles_travel_logs`.`exit_station_id` AS `exit_station_id`, `musixmatch`.`vehicles_travel_logs`.`vehicles_license_plate` AS `vehicles_license_plate`, `musixmatch`.`user_vehicles`.`user_id` AS `user_id`, `musixmatch`.`vehicles_travel_logs`.`travel_date` AS `travel_date` FROM (`musixmatch`.`vehicles_travel_logs` join `musixmatch`.`user_vehicles` on(`musixmatch`.`vehicles_travel_logs`.`vehicles_license_plate` = `musixmatch`.`user_vehicles`.`vehicles_licence_plate`)) ;

--
-- Indici per le tabelle scaricate
--

--
-- Indici per le tabelle `adiacent_stations`
--
ALTER TABLE `adiacent_stations`
  ADD PRIMARY KEY (`from_station_id`,`to_station_id`),
  ADD KEY `from_station_id` (`from_station_id`,`to_station_id`),
  ADD KEY `to_station_id` (`to_station_id`);

--
-- Indici per le tabelle `all_possible_paths`
--
ALTER TABLE `all_possible_paths`
  ADD PRIMARY KEY (`complete_path`),
  ADD KEY `from_station_id` (`from_station_id`,`to_station_id`),
  ADD KEY `to_station_id` (`to_station_id`);

--
-- Indici per le tabelle `motorway_stations`
--
ALTER TABLE `motorway_stations`
  ADD PRIMARY KEY (`station_id`);

--
-- Indici per le tabelle `user`
--
ALTER TABLE `user`
  ADD PRIMARY KEY (`user_id`);

--
-- Indici per le tabelle `user_vehicles`
--
ALTER TABLE `user_vehicles`
  ADD PRIMARY KEY (`vehicles_licence_plate`),
  ADD KEY `user_id` (`user_id`);

--
-- Indici per le tabelle `vehicles_travel_logs`
--
ALTER TABLE `vehicles_travel_logs`
  ADD PRIMARY KEY (`log_id`),
  ADD KEY `station_id` (`enter_station_id`),
  ADD KEY `vehicles_license_plate` (`vehicles_license_plate`),
  ADD KEY `exit_station_id` (`exit_station_id`);

--
-- AUTO_INCREMENT per le tabelle scaricate
--

--
-- AUTO_INCREMENT per la tabella `motorway_stations`
--
ALTER TABLE `motorway_stations`
  MODIFY `station_id` int(11) NOT NULL AUTO_INCREMENT, AUTO_INCREMENT=21;

--
-- AUTO_INCREMENT per la tabella `user`
--
ALTER TABLE `user`
  MODIFY `user_id` bigint(20) NOT NULL AUTO_INCREMENT, AUTO_INCREMENT=4;

--
-- AUTO_INCREMENT per la tabella `vehicles_travel_logs`
--
ALTER TABLE `vehicles_travel_logs`
  MODIFY `log_id` bigint(20) NOT NULL AUTO_INCREMENT, AUTO_INCREMENT=22;

--
-- Limiti per le tabelle scaricate
--

--
-- Limiti per la tabella `adiacent_stations`
--
ALTER TABLE `adiacent_stations`
  ADD CONSTRAINT `adiacent_stations_ibfk_1` FOREIGN KEY (`from_station_id`) REFERENCES `motorway_stations` (`station_id`),
  ADD CONSTRAINT `adiacent_stations_ibfk_2` FOREIGN KEY (`to_station_id`) REFERENCES `motorway_stations` (`station_id`);

--
-- Limiti per la tabella `all_possible_paths`
--
ALTER TABLE `all_possible_paths`
  ADD CONSTRAINT `all_possible_paths_ibfk_1` FOREIGN KEY (`from_station_id`) REFERENCES `motorway_stations` (`station_id`),
  ADD CONSTRAINT `all_possible_paths_ibfk_2` FOREIGN KEY (`to_station_id`) REFERENCES `motorway_stations` (`station_id`);

--
-- Limiti per la tabella `user_vehicles`
--
ALTER TABLE `user_vehicles`
  ADD CONSTRAINT `user_vehicles_ibfk_1` FOREIGN KEY (`user_id`) REFERENCES `user` (`user_id`);

--
-- Limiti per la tabella `vehicles_travel_logs`
--
ALTER TABLE `vehicles_travel_logs`
  ADD CONSTRAINT `vehicles_travel_logs_ibfk_1` FOREIGN KEY (`enter_station_id`) REFERENCES `motorway_stations` (`station_id`),
  ADD CONSTRAINT `vehicles_travel_logs_ibfk_2` FOREIGN KEY (`vehicles_license_plate`) REFERENCES `user_vehicles` (`vehicles_licence_plate`),
  ADD CONSTRAINT `vehicles_travel_logs_ibfk_3` FOREIGN KEY (`exit_station_id`) REFERENCES `motorway_stations` (`station_id`);
COMMIT;

/*!40101 SET CHARACTER_SET_CLIENT=@OLD_CHARACTER_SET_CLIENT */;
/*!40101 SET CHARACTER_SET_RESULTS=@OLD_CHARACTER_SET_RESULTS */;
/*!40101 SET COLLATION_CONNECTION=@OLD_COLLATION_CONNECTION */;
